tag,description,category,score,source,posts
#आयरन_ग्रिल्स_स्मार्ट_लॉक_नेट,iron grills smart lock nets अभी भारत में ट्रेंड कर रहा है,समाचार,100,Google News,50000+
"#ट्रम्प_के_एक_और_प्रस्ताव_को_खारिज_करने_के_बाद_ईरान_ने_कहा_कि_गेंद_हमारे_पाले_में_है,_बातचीत_से_समाधान_या_युद्ध_के_लिए_तैयार_है",after trump dismissed another proposal iran says ball is in us court ready for negotiated settlement or war अभी भारत में ट्रेंड कर रहा है,समाचार,100,Google News,50000+
#कपिल_शर्मा_के_कैप्स_कैफे_के_पास_फायरिंग_से_लेकर_बिश्नोई_गैंग_की_चेतावनी_तक,from firing near kapil sharmas kaps cafe to bishnoi gangs warning अभी भारत में ट्रेंड कर रहा है,समाचार,100,Google News,50000+
#मैं_पहले_ही_इस_दुनिया_को_छोड़_चुका_हूं,i have already left this world अभी भारत में ट्रेंड कर रहा है,समाचार,100,Google News,50000+
#शाहरुख_खान_के_साथ_किंग_सेट_पर_दीपिका_पादुकोण_की_23k_मेस_डेमोइसेल्स_ड्रेस_वायरल_हो_गई,deepika padukones 23k mes demoiselles dress goes viral on king sets with shah rukh khan अभी भारत में ट्रेंड कर रहा है,समाचार,100,Google News,50000+
#हास्य_कलाकार_लुईस_सीके_का_कहना_है_कि_भारत_में_कामकाजी_गरीबी_है_जो_अब_भी_न्यूयॉर्क_से_बेहतर_है,comedian louis ck says india has functioning poverty which is still better than new york अभी भारत में ट्रेंड कर रहा है,समाचार,100,Google News,50000+
#एसआरएच_बाउल_और_हैंड_डेब्यू_स्मरण_केकेआर_ने_एलन_और_पांडे_को_लाया,srh bowl and hand debut to smaran kkr bring in allen and pandey अभी भारत में ट्रेंड कर रहा है,समाचार,100,Google News,50000+
#विनेश_फोगाट_ने_बृज_भूषण_द्वारा_कथित_तौर_पर_परेशान_किए_गए_छह_पीड़ितों_में_से_एक_के_रूप_में_अपनी_पहचान_उजागर_की,vinesh phogat drops bombshell reveals identity as one of six victims allegedly harassed by brij bhushan अभी भारत में ट्रेंड कर रहा है,समाचार,100,Google News,50000+
#आईपीएल_2026,ipl 2026 अभी भारत में ट्रेंड कर रहा है,समाचार,100,Google News,50000+
#वैभव_सूर्यवंशी_वास्तव_में_अनप्रोफेशनल_हैं,vaibhav sooryavanshi is indeed unprofessional अभी भारत में ट्रेंड कर रहा है,समाचार,100,Google News,50000+
#सुबारू_टेलीस्कोप_अनियमित_तारा_विस्फोट_आकाशगंगा_एम82_को_पकड़ता_है,subaru telescope captures irregular starburst galaxy m82 अभी भारत में ट्रेंड कर रहा है,समाचार,100,Google News,50000+
#प्रतिभा_का_भूला_हुआ_ढाँचा,the forgotten frame of genius अभी भारत में ट्रेंड कर रहा है,समाचार,100,Google News,50000+
